{"cameraMode":{"drawMode":0,"name":"Shaded","section":"Shading Mode"},"sceneLighting":false,"audioPlay":false,"sceneViewState":{"m_AlwaysRefresh":false,"showFog":true,"showSkybox":false,"showFlares":true,"showImageEffects":true,"showParticleSystems":true,"showVisualEffectGraphs":true,"m_FxEnabled":true},"in2DMode":false,"pivot":{"x":3.5161938667297365,"y":4.6146016120910648,"z":0.20335504412651063},"rotation":{"x":0.5675936341285706,"y":-0.02112828940153122,"z":0.015546315349638462,"w":0.8229243755340576},"size":4.1575422286987309,"orthographic":false}