{"cameraMode":{"drawMode":0,"name":"Shaded","section":"Shading Mode"},"sceneLighting":false,"audioPlay":false,"sceneViewState":{"m_AlwaysRefresh":false,"showFog":true,"showSkybox":false,"showFlares":true,"showImageEffects":true,"showParticleSystems":true,"showVisualEffectGraphs":true,"m_FxEnabled":true},"in2DMode":false,"pivot":{"x":0.08656998723745346,"y":-4.489511013031006,"z":5.356510639190674},"rotation":{"x":-0.19787217676639558,"y":0.014995540492236615,"z":-0.0030247557442635299,"w":-0.9801196455955505},"size":7.794228553771973,"orthographic":false}